{"stats":{"minecraft:used":{"minecraft:white_wool":1,"minecraft:dirt":1,"tombstone:gift":2},"minecraft:custom":{"minecraft:time_since_rest":846,"minecraft:crouch_one_cm":354,"minecraft:play_time":8180,"minecraft:sprint_one_cm":11431,"minecraft:walk_one_cm":9913,"minecraft:damage_taken":310,"minecraft:deaths":1,"minecraft:sneak_time":43,"minecraft:walk_under_water_one_cm":3119,"minecraft:mob_kills":1,"minecraft:drop":1,"minecraft:jump":132,"minecraft:damage_dealt":210,"minecraft:leave_game":2,"minecraft:time_since_death":2141,"minecraft:walk_on_water_one_cm":804,"minecraft:total_world_time":8180,"minecraft:fall_one_cm":5965,"minecraft:fly_one_cm":37286},"minecraft:mined":{"minecraft:grass":2,"minecraft:grass_block":2,"minecraft:dirt":1},"minecraft:killed":{"creeperoverhaul:snowy_creeper":1},"minecraft:picked_up":{"minecraft:white_wool":1,"minecraft:dirt":3},"minecraft:dropped":{"tombstone:grave_dust":1}},"DataVersion":3465}